campaign_id,campaign_name,start_date,end_date,budget
160,Decentralized well-modulated open architecture,2024-10-18,2024-11-10,
77,Profound disintermediate capability,2026-02-09,2026-02-21,442582.8
35,Devolved bifurcated contingency,2025-12-29,2026-01-22,588592.42
87,Expanded scalable protocol,2024-10-01,2024-10-25,628457.3
88,Function-based 6thgeneration intranet,2024-04-09,2024-04-25,538364.7
233,Synergistic impactful approach,2024-02-09,2024-02-24,900293.44
62,Enterprise-wide static standardization,2025-10-20,2025-10-29,903751.82
217,Profound impactful function,2025-01-22,2025-02-01,770693.7
115,Multi-layered zero tolerance framework,2024-08-22,2024-09-19,420428.09
4,Self-enabling actuating installation,2025-01-18,2025-01-28,78527.32
189,Open-Architected Hybrid Utilization,2025-02-09,2025-03-03,614853.1
127,Streamlined grid-enabled moratorium,2024-03-31,2024-04-08,817699.22
90,Team-oriented tertiary system engine,2024-02-24,2024-03-07,148724.58
220,Future-proofed real-time core,2025-03-26,2025-04-01,441310.17
29,Total grid-enabled database,2025-11-07,2025-11-14,491096.1
109,Customer-focused bi-directional pricing structure,2025-03-03,2025-03-31,452914.41
42,Stand-alone static circuit,2025-08-03,2025-09-02,454450.65
240,Pre-emptive modular migration,2025-06-12,2025-06-30,790781.01
98,Adaptive optimal parallelism,,2025-06-17,871475.97
178,Synchronized demand-driven utilization,2024-09-19,2024-10-15,958574.14
209,Triple-buffered uniform architecture,2025-06-12,2025-07-10,560309.6
132,Automated Composite Projection,2024-04-20,2024-05-09,560827.39
231,Organic well-modulated approach,2025-11-03,2025-11-09,19917.43
247,Reduced intangible database,2024-01-07,2024-01-15,185349.25
24,Front-line user-facing productivity,2024-10-31,2024-11-18,863085.76
125,Synergized solution-oriented orchestration,2025-01-08,2025-01-18,219646.37
166,OPERATIVE HIGH-LEVEL UTILIZATION,2026-01-28,2026-02-03,839059.23
172,Multi-channeled maximized benchmark,2024-02-29,,999179.25
82,Distributed zero administration capability,2024-03-04,2024-04-03,915537.3
65,universal systemic productivity,2024-12-25,2025-01-14,742930.16
10,Multi-lateral hybrid flexibility,,,157070.29
148,Distributed client-server artificial intelligence,,2024-11-08,793935.31
176,Cloned bi-directional core,,2024-08-02,
63,Enterprise-wide 24/7 toolset,2024-02-06,2024-02-21,972332.92
6,Fundamental didactic knowledge user,2024-07-06,2024-07-21,721414.36
161,Public-key fault-tolerant pricing structure,2025-01-02,2025-01-21,41456.55
9,User-centric client-driven approach,2024-10-01,2024-10-23,536111.32
8,,2024-02-29,2024-03-19,641074.54
27,Team-oriented national open architecture,2024-01-30,2024-02-10,297071.97
47,Reverse-engineered 3rdgeneration concept,2025-10-05,2025-10-17,279766.74
146,Future-proofed methodical budgetary management,2024-12-24,2025-01-21,662866.73
25,Horizontal 6thgeneration analyzer,2025-08-21,2025-09-17,
139,Switchable context-sensitive toolset,2025-12-26,2026-01-24,873636.56
91,Self-enabling contextually-based alliance,2024-10-15,2024-11-06,981115.34
234,Adaptive discrete customer loyalty,2024-10-18,2024-11-06,621221.03
190,public-key bandwidth-monitored moderator,2025-02-21,2025-03-14,777218.24
153,Exclusive mobile installation,2024-12-27,2025-01-04,565389.63
59,Configurable intermediate superstructure,2024-10-05,2024-10-22,
19,Visionary tertiary challenge,2024-02-24,2024-03-12,19594.11
224,Pre-emptive tertiary frame,2024-11-01,2024-11-08,35998.6
145,advanced composite process improvement,2025-06-22,2025-07-15,339285.93
242,Devolved leadingedge hierarchy,2025-10-07,2025-10-19,963803.62
249,Business-focused responsive application,,2025-01-27,847350.88
232,Diverse motivating moratorium,2025-05-06,2025-06-03,22026.76
46,Cross-group executive intranet,2026-02-09,2026-02-18,316833.22
81,AUTOMATED ATTITUDE-ORIENTED STANDARDIZATION,2024-01-22,2024-02-11,388511.04
105,decentralized impactful graphic interface,2024-06-06,2024-06-19,184956.35
141,Secured tertiary extranet,2024-09-22,2024-10-13,713982.2
170,Vision-oriented user-facing initiative,,2024-06-11,538186.66
60,Multi-Channeled Empowering Hardware,2024-08-30,2024-09-14,453151.84
174,Ameliorated impactful contingency,2025-11-10,2025-11-21,733941.23
44,SWITCHABLE UNIFORM HARDWARE,2024-08-31,2024-09-30,830054.34
71,Team-oriented zero administration implementation,2024-06-27,2024-07-06,914633.67
236,Extended asymmetric info-mediaries,2024-12-12,2024-12-23,466977.3
124,Stand-alone background interface,2024-01-19,2024-02-12,733559.96
155,Synchronized composite flexibility,,2025-07-24,875402.5
194,Implemented discrete core,2025-10-09,2025-10-29,733730.46
57,Upgradable contextually-based hardware,2024-04-22,2024-05-01,350720.05
154,Phased clear-thinking utilization,2024-12-03,2024-12-30,79204.46
1,Mandatory modular standardization,2024-11-29,2024-12-06,911547.07
226,,2024-03-25,2024-04-12,286202.2
51,Synergistic attitude-oriented array,2024-01-20,2024-02-08,502287.04
123,Innovative logistical emulation,2026-02-04,2026-03-04,143710.71
246,Quality-focused holistic firmware,2025-10-28,2025-11-27,
18,User-centric methodical approach,2025-04-08,2025-04-21,348615.96
99,Configurable leadingedge hardware,2025-11-23,2025-12-20,161458.28
199,Multi-layered fresh-thinking concept,2025-12-20,2026-01-02,395037.72
128,Polarized fault-tolerant help-desk,2024-09-05,2024-09-29,401422.82
172,Multi-channeled maximized benchmark,2024-02-29,,999179.25
173,Organized systematic access,2025-06-30,2025-07-12,449245.4
157,Upgradable Bandwidth-Monitored Utilization,2025-11-14,2025-12-06,269845.18
101,Seamless incremental toolset,2025-10-08,2025-10-15,616268.33
66,Re-engineered secondary intranet,2024-08-25,2024-09-06,67624.98
206,Polarized non-volatile neural-net,2026-01-26,2026-02-12,382427.79
5,Synergized didactic open architecture,2025-06-21,2025-07-19,492157.8
186,Fundamental next generation contingency,2025-12-08,2025-12-23,761772.93
235,Synergistic non-volatile moderator,,2024-06-18,124471.51
58,Integrated background policy,2024-10-08,2024-11-02,531083.23
50,Organic actuating time-frame,2025-09-22,2025-10-11,55903.94
248,Decentralized Dedicated Synergy,2024-05-25,2024-06-18,113994.34
89,Mandatory system-worthy algorithm,2025-11-29,2025-12-17,429214.76
74,Up-sized interactive project,2025-10-19,2025-11-13,536661.59
114,Operative real-time knowledgebase,2026-02-13,2026-03-05,934940.41
80,Networked 24/7 capability,2024-05-31,2024-06-23,842585.19
13,Progressive local approach,2024-02-17,2024-03-16,620450.19
45,seamless homogeneous data-warehouse,2024-04-23,2024-05-09,637589.63
136,Implemented secondary time-frame,2025-09-21,2025-10-03,167967.29
17,Integrated reciprocal support,2025-04-22,2025-05-07,515784.33
96,Integrated intangible database,2024-05-07,,541702.64
134,Reactive object-oriented application,2025-09-17,2025-10-14,523869.81
239,,2024-12-22,2024-12-30,190193.15
228,Cross-group coherent hub,2026-02-04,2026-02-24,573507.17
60,Multi-Channeled Empowering Hardware,2024-08-30,2024-09-14,453151.84
129,Multi-layered cohesive toolset,2025-01-24,2025-02-17,681493.19
112,Public-key high-level encoding,2025-02-18,2025-03-20,658258.33
120,automated static knowledge user,2024-02-11,2024-03-10,
227,Mandatory bottom-line functionalities,2025-01-31,2025-02-17,764180.29
46,Cross-group executive intranet,2026-02-09,2026-02-18,316833.22
67,Pre-emptive impactful adapter,2025-07-05,2025-07-10,494302.34
97,Pre-emptive uniform challenge,2025-05-02,2025-05-08,319726.59
23,Decentralized motivating flexibility,2024-11-15,2024-11-22,951264.84
223,Managed eco-centric middleware,2025-03-20,2025-03-25,967256.5
64,Progressive user-facing complexity,2025-11-22,2025-12-21,618182.8
83,Cross-group transitional implementation,2026-01-17,2026-01-25,521715.69
229,Cloned multi-tasking attitude,,2025-12-11,506521.08
192,Innovative context-sensitive array,2025-05-16,2025-06-05,502127.75
179,Distributed bottom-line contingency,2024-04-21,2024-05-01,168907.64
69,Enhanced didactic hierarchy,2024-08-09,2024-08-31,763417.08
202,Enhanced full-range encryption,2025-07-20,2025-08-10,169851.65
130,Upgradable mobile capability,2026-02-12,2026-03-14,46215.69
142,Extended responsive synergy,2024-05-28,2024-06-07,347289.43
151,Sharable system-worthy task-force,2025-08-30,2025-09-18,405588.6
135,Down-sized well-modulated parallelism,2024-06-07,2024-06-21,386845.98
238,Horizontal next generation hardware,2024-05-12,,949157.22
195,Operative demand-driven attitude,2025-11-13,2025-12-03,837377.0
208,Exclusive 24hour knowledgebase,2024-11-10,2024-11-23,339705.22
39,,2024-07-01,2024-07-24,913255.23
200,Sharable real-time info-mediaries,2024-07-04,,690461.7
68,Customizable 24hour application,2025-09-11,2025-10-02,200217.53
64,Progressive user-facing complexity,2025-11-22,2025-12-21,618182.8
250,Balanced clear-thinking firmware,2024-02-19,2024-03-17,92332.71
94,Optional Client-Driven Encoding,2025-03-13,2025-03-23,
216,Function-based regional approach,2024-04-16,2024-05-01,639499.81
106,Function-based mission-critical groupware,,2025-09-26,973899.55
92,Centralized methodical capability,2024-04-27,2024-05-27,431781.13
72,Profound even-keeled pricing structure,2025-12-23,2025-12-28,18522.98
188,Exclusive attitude-oriented superstructure,2025-04-26,2025-05-15,873208.7
3,Phased web-enabled time-frame,2025-12-11,2025-12-26,314271.94
147,Horizontal 24/7 benchmark,2025-12-08,,949703.72
244,Compatible needs-based infrastructure,2025-07-31,2025-08-09,686272.99
40,Self-enabling foreground budgetary management,2025-04-16,2025-05-10,452078.75
111,Object-based contextually-based data-warehouse,2024-12-26,2025-01-19,27194.77
95,Ameliorated local knowledgebase,2024-04-02,2024-04-17,648180.7
100,Down-sized cohesive circuit,2024-05-29,2024-06-15,465504.05
121,Programmable dedicated strategy,2025-03-02,2025-03-21,
237,Expanded systemic interface,2025-09-30,2025-10-07,212023.72
197,Total demand-driven complexity,2025-10-12,,941406.62
14,Monitored zero tolerance hub,,2024-09-26,
53,Automated logistical matrices,2024-07-14,,846441.18
191,Proactive dynamic customer loyalty,2025-08-12,2025-08-18,262294.19
110,Switchable bi-directional monitoring,2024-12-16,2024-12-23,857680.23
118,Polarized context-sensitive archive,2025-12-14,2025-12-25,842351.94
148,Distributed client-server artificial intelligence,,2024-11-08,793935.31
70,Digitized foreground framework,2024-06-21,2024-06-29,163480.88
164,Organic coherent functionalities,2024-07-26,2024-08-02,857366.37
241,Pre-emptive intermediate info-mediaries,2024-11-16,2024-12-10,895604.78
122,profound didactic budgetary management,2024-02-08,2024-03-05,978920.58
152,Reduced intangible architecture,2024-12-28,2025-01-19,13309.13
7,Quality-focused mission-critical emulation,2024-04-27,2024-05-10,173237.91
138,FRONT-LINE SECONDARY STRUCTURE,2025-06-30,2025-07-30,109001.08
33,Operative discrete success,2024-11-08,2024-11-24,452352.77
28,Cross-platform multimedia service-desk,2024-12-06,2024-12-30,875858.31
212,Distributed disintermediate installation,2024-06-05,2024-06-22,634920.86
113,Object-based solution-oriented moratorium,2025-11-19,2025-12-01,213748.01
221,team-oriented methodical projection,2025-06-27,2025-07-04,166822.75
75,Assimilated value-added focus group,2025-02-26,2025-03-20,18446.84
137,Compatible analyzing superstructure,2024-12-21,2025-01-03,477210.19
222,Multi-layered encompassing Graphical User Interface,2025-02-27,2025-03-21,87118.6
214,Upgradable encompassing Graphical User Interface,2025-05-15,2025-06-01,408006.63
43,Networked intangible model,2025-07-27,2025-08-07,337749.46
231,Organic well-modulated approach,2025-11-03,2025-11-09,19917.43
30,Triple-buffered transitional functionalities,2024-09-11,2024-10-10,286775.23
104,Integrated logistical matrices,2025-12-25,2026-01-17,159461.1
158,Digitized hybrid conglomeration,2025-09-19,2025-10-01,942378.76
205,Realigned transitional solution,2025-06-02,2025-06-16,840195.22
103,,2026-01-25,2026-02-08,412603.16
21,Reduced well-modulated strategy,2025-05-26,2025-06-09,902952.51
55,Business-focused background database,2025-04-15,2025-05-05,820987.95
210,Upgradable full-range encoding,2025-05-30,2025-06-24,555798.16
177,Implemented optimizing productivity,2024-12-18,2025-01-02,192406.43
56,Virtual maximized firmware,2024-04-22,2024-05-13,439318.64
185,Multi-lateral intermediate throughput,2025-12-14,2025-12-23,635705.23
218,,2025-12-22,2026-01-17,657437.73
22,Future-proofed dedicated concept,2024-03-21,2024-04-04,444127.19
227,Mandatory bottom-line functionalities,2025-01-31,2025-02-17,764180.29
232,Diverse motivating moratorium,2025-05-06,2025-06-03,22026.76
2,Fundamental interactive circuit,2024-06-24,2024-07-03,564774.38
149,Devolved homogeneous support,2024-10-16,2024-11-10,889295.18
163,Down-sized systematic time-frame,2025-12-01,2025-12-26,468094.3
16,Profound asymmetric superstructure,2025-08-07,2025-08-27,460382.68
203,Expanded even-keeled monitoring,2025-12-21,2026-01-01,50269.44
133,Expanded 5thgeneration focus group,2024-02-27,2024-03-12,677471.52
52,Programmable system-worthy budgetary management,2024-04-29,,184112.67
36,,2025-10-16,2025-10-30,17553.7
241,Pre-emptive intermediate info-mediaries,2024-11-16,2024-12-10,895604.78
16,Profound asymmetric superstructure,2025-08-07,2025-08-27,460382.68
119,Automated modular intranet,2025-06-03,2025-06-16,652909.67
180,Assimilated Mission-Critical Portal,2025-06-13,2025-06-30,994465.28
100,Down-sized cohesive circuit,2024-05-29,2024-06-15,465504.05
186,Fundamental next generation contingency,2025-12-08,2025-12-23,761772.93
31,Switchable fresh-thinking infrastructure,2025-10-18,2025-10-28,974273.5
245,Phased bandwidth-monitored intranet,2025-11-12,2025-11-25,161606.31
183,Ergonomic methodical archive,2024-05-13,2024-06-01,656251.93
150,Reverse-engineered encompassing support,2025-06-18,2025-07-02,830021.11
73,Front-line methodical approach,2024-11-22,2024-11-28,824610.28
184,Future-proofed hybrid groupware,2024-11-17,2024-12-17,59290.05
11,Versatile fault-tolerant throughput,2025-11-25,2025-12-04,872302.72
201,OPTIONAL SOLUTION-ORIENTED DATABASE,2025-11-15,2025-12-07,879849.92
144,Operative local synergy,2024-03-14,2024-03-25,25326.75
34,Grass-roots attitude-oriented migration,2024-01-18,2024-02-03,438637.33
243,Stand-alone needs-based application,,2025-06-15,703007.0
117,Public-key fresh-thinking encoding,2025-12-20,2025-12-28,370994.15
108,User-centric multi-state standardization,2025-04-07,2025-04-20,364718.9
54,DOWN-SIZED FOREGROUND LEVERAGE,2024-05-17,2024-06-03,596111.75
162,Right-sized next generation productivity,2025-08-27,2025-09-12,169036.77
20,Business-focused dynamic capacity,2024-12-03,2024-12-20,917183.15
48,Horizontal interactive moderator,2024-11-29,2024-12-11,762382.66
182,Organic asynchronous knowledge user,2025-04-18,2025-05-02,316669.04
37,,2024-01-04,2024-01-17,430712.1
76,,2024-07-23,2024-07-28,174635.64
84,Triple-buffered maximized alliance,2025-07-07,2025-07-16,923131.05
223,Managed eco-centric middleware,2025-03-20,2025-03-25,967256.5
32,implemented impactful superstructure,2025-02-14,2025-02-28,397063.45
193,Quality-focused transitional framework,2025-09-14,2025-10-07,17479.49
211,Open-source zero tolerance system engine,2026-01-14,2026-01-20,322806.17
212,Distributed disintermediate installation,2024-06-05,2024-06-22,634920.86
49,Exclusive 24/7 toolset,2025-04-23,2025-05-10,320136.58
116,Open-source composite forecast,2024-09-21,2024-10-09,389296.51
26,Programmable Attitude-Oriented Matrices,2024-05-31,2024-06-05,381842.69
49,Exclusive 24/7 toolset,2025-04-23,2025-05-10,320136.58
107,User-centric foreground attitude,2025-11-03,2025-11-23,300530.11
71,Team-oriented zero administration implementation,2024-06-27,2024-07-06,914633.67
181,Optimized eco-centric extranet,2025-06-02,2025-06-22,756180.7
230,Down-sized neutral array,,2025-09-13,692843.15
144,Operative local synergy,2024-03-14,2024-03-25,25326.75
159,Versatile demand-driven groupware,2025-11-04,2025-12-01,129872.54
78,Devolved scalable budgetary management,2024-09-02,2024-09-28,425731.69
213,Assimilated tangible archive,2025-06-28,2025-07-13,686656.04
204,Pre-emptive human-resource model,2024-04-16,2024-05-12,519615.86
85,Digitized leadingedge standardization,2024-10-06,2024-10-13,730905.61
140,Enterprise-wide holistic capability,2025-12-16,2025-12-31,529356.03
41,FUNDAMENTAL OPTIMIZING ACCESS,2026-01-06,2026-02-03,217898.79
219,Secured 4thgeneration core,2024-07-02,2024-07-07,22360.92
131,Face-to-face content-based service-desk,2025-06-10,2025-06-20,274593.47
215,Horizontal 24/7 pricing structure,2025-10-02,2025-10-08,775302.59
79,Innovative upward-trending extranet,,2025-07-05,566611.46
15,Seamless bandwidth-monitored attitude,2024-05-17,2024-05-23,115918.27
168,Down-sized object-oriented solution,2024-03-17,2024-04-16,138538.6
227,Mandatory bottom-line functionalities,2025-01-31,2025-02-17,764180.29
102,Ameliorated composite neural-net,2024-04-25,2024-05-25,283995.6
107,User-centric foreground attitude,2025-11-03,2025-11-23,300530.11
6,Fundamental didactic knowledge user,2024-07-06,2024-07-21,721414.36
171,Synchronized optimizing groupware,2024-09-11,2024-09-17,583769.99
51,Synergistic attitude-oriented array,2024-01-20,2024-02-08,502287.04
187,Inverse regional process improvement,2024-04-27,2024-05-19,452865.66
38,public-key fault-tolerant array,2024-12-09,2024-12-15,938635.69
12,Switchable regional projection,2024-04-30,2024-05-30,312726.64
165,Business-focused human-resource installation,2024-06-23,2024-06-28,934080.37
93,Networked intangible intranet,2025-03-13,2025-03-23,74254.78
175,,2024-10-21,2024-10-31,156668.25
156,Cloned next generation attitude,2024-12-11,2025-01-06,498000.49
169,,2024-12-26,2025-01-12,391586.93
145,advanced composite process improvement,2025-06-22,2025-07-15,339285.93
175,,2024-10-21,2024-10-31,156668.25
198,Automated static Graphical User Interface,2024-02-05,2024-02-26,429663.23
126,Visionary eco-centric hardware,,2025-12-29,487667.3
143,Operative zero administration solution,2024-05-27,2024-06-22,355084.37
225,Distributed fault-tolerant contingency,2024-07-19,2024-08-07,259099.54
207,Inverse global core,2024-08-30,2024-09-28,213509.19
167,Intuitive asynchronous extranet,2024-03-06,2024-04-04,836611.32
198,Automated static Graphical User Interface,2024-02-05,2024-02-26,429663.23
61,down-sized needs-based infrastructure,2025-06-30,2025-07-30,
247,Reduced intangible database,2024-01-07,2024-01-15,185349.25
196,User-friendly clear-thinking capability,2025-07-27,2025-08-06,412499.85
86,Business-focused impactful project,2025-05-06,2025-05-22,522550.08
